# 302 redirects
/management/limits/*    https://www.livechat.com/pricing/ 302!
/design-system/*    https://livechat.github.io/design-system/ 302!

# 301 redirects
/management/webhooks/v3.4/*   /docs/management/webhooks/:splat 301
/management/configuration-api/v3.4/*   /docs/management/configuration-api/:splat 301
/messaging/customer-chat-api/v3.4/*   /docs/messaging/customer-chat-api/:splat 301
/messaging/agent-chat-api/v3.4/*   /docs/messaging/agent-chat-api/:splat 301
/data-reporting/reports-api/v3.4/*   /docs/data-reporting/reports-api/:splat 301
/extending-chat-widget/customer-sdk/v3.0/*   /docs/extending-chat-widget/customer-sdk/:splat 301
/extending-chat-widget/javascript-api/v3.0/*   /docs/extending-chat-widget/javascript-api/:splat 301
/platform-overview/*  /docs/getting-started/:splat 301
/building-apps-for-livechat/* /docs/getting-started/guides/:splat 301
/build-integration/* /docs/getting-started/guides/webhook-apps/:splat 301
/how-to-monetize-apps/*   /docs/monetization/how-to-monetize-apps/:splat 301
/sign-in-with-livechat/*  /docs/getting-started/authorization/sign-in-with-livechat/:splat 301
/agent-chat-api/* /docs/messaging/agent-chat-api/:splat 301
/customer-chat-api/*  /docs/messaging/customer-chat-api/:splat 301
/configuration-api/*  /docs/management/configuration-api/:splat 301
/rest-api/*   /docs/management/configuration-api-v2/:splat 301
/billing-api/*    /docs/monetization/billing-api/:splat 301
/agent-app-widgets/*  /docs/extending-chat-widget/:splat 301
/product-cards/*  /docs/extending-agent-app/product-cards/:splat 301
/customer-sdk/*   /docs/extending-chat-widget/customer-sdk/:splat 301
/visitor-sdk/*   /docs/extending-chat-widget/visitor-sdk/:splat 301
/js-api/* /docs/extending-chat-widget/javascript-api/:splat 301
/android-widget/* /docs/getting-started/installing-livechat/android-widget/:splat 301
/ios-widget/* /docs/getting-started/installing-livechat/ios-widget/:splat 301
/management/configuration-api-v2/*    /docs/management/configuration-api/v2.0/:splat 301
/getting-started/guides/messaging-apis-in-practice/*    /docs/getting-started/authorization/authorization-in-practice/ 301
/extending-ui/extending-agent-app/*    /docs/extending-agent-app/:splat  301
/extending-ui/extending-chat-widget/*    /docs/extending-chat-widget/:splat  301
/extending-ui/    /docs/getting-started/#extending-the-livechat-ui 301
/monetization/app-webhooks/*    /docs/app-guides/app-webhooks/:splat  301
/getting-started/authorization/*    /docs/authorization/:splat  301
/app-guides/*    /docs/getting-started/app-guides/:splat  301
/getting-started/guides/*    /docs/getting-started/livechat-apps/:splat  301 
/authorization/livechat-accounts/*    /docs/authorization/global-accounts/:splat  301 
/authorization/livechat-accounts-api/*    /docs/authorization/global-accounts-api/:splat  301 
/messaging/apple-business-chat/*    /docs/messaging/apple-messages-for-business/:splat  301 

# Redirect images so can work on netlify and /docs domain
/docs/images/*  /images/:splat  200
